,distance,width,movement_time
4159,160,8,744
4107,40,20,352
1503,75,20,503
4914,75,10,609
5109,210,6,1327
5789,210,8,721
5603,40,14,312
5636,120,18,470
1568,120,18,536
193,75,10,553
2562,160,18,805
4891,40,14,385
42,210,20,824
1357,60,14,577
1260,210,14,1016
1517,160,8,976
3650,40,18,528
4739,120,10,697
2842,60,6,1128
4395,40,8,434
4173,120,6,857
4442,60,10,499
5342,120,20,425
4932,60,20,463
2588,40,6,615
2017,40,8,486
5987,40,18,504
4584,40,6,606
4786,75,14,648
5562,160,8,653
137,120,18,610
2889,160,8,816
2869,120,14,830
3587,60,20,623
4556,75,10,797
6153,60,20,471
2719,60,8,814
2823,40,8,544
2726,160,14,782
2612,60,20,432
1280,75,10,639
2957,40,14,624
1168,75,14,623
343,120,20,598
3370,60,14,561
1027,160,20,768
1675,210,20,697
3582,60,20,575
5329,40,14,335
1165,75,14,698
4571,160,18,721
5846,40,6,714
5390,40,18,349
2511,40,14,473
780,120,18,711
2864,120,14,659
1796,120,14,547
1468,120,6,747
1066,75,18,625
4312,60,14,514
3203,60,18,386
3192,210,20,656
2093,75,6,530
2116,210,10,871
784,60,14,599
3830,120,14,726
5418,160,10,704
4639,120,18,713
1760,40,18,387
4894,40,14,391
1172,75,14,600
6142,60,18,479
4520,210,6,977
454,60,14,867
1926,210,20,735
5823,210,8,1184
872,210,18,1162
2829,40,8,785
1761,40,18,319
2803,40,6,655
3785,210,18,905
1768,60,14,411
6006,120,8,823
2711,60,8,814
3321,210,14,1221
3726,120,8,931
2932,40,18,478
1492,210,8,885
3431,75,8,760
569,120,8,944
4603,75,14,520
2283,40,6,543
5461,210,14,617
2929,40,18,445
2657,40,18,405
1411,160,6,902
288,40,10,544
4890,40,14,449
886,120,6,1223
172,40,6,832
2164,210,6,1241
5551,120,8,643
5122,210,10,696
2159,40,14,462
1935,75,20,584
2564,210,8,1129
4768,120,20,745
3947,160,10,713
3138,40,8,598
1678,160,10,688
4659,160,6,1024
2285,40,6,460
342,120,20,794
5768,40,6,358
4828,75,20,520
4001,160,14,710
2614,40,20,671
5362,210,18,904
1655,210,14,1093
5660,75,18,344
5798,120,14,620
1471,120,6,951
4145,40,14,423
4814,210,14,980
310,40,18,424
291,60,10,551
5868,40,20,461
1683,160,10,688
3199,60,10,600
4897,40,14,400
3508,60,10,1002
584,120,6,889
159,60,6,679
5969,75,6,998
6167,160,10,848
5731,40,18,302
5249,60,6,594
4692,60,8,677
4715,40,18,447
602,160,10,941
3345,210,18,760
5242,160,8,743
3706,120,20,866
597,160,10,1057
2363,210,14,1046
1248,75,8,824
347,120,10,833
185,160,8,920
5693,120,10,546
896,40,14,480
1924,210,20,737
3165,75,6,1399
747,160,14,753
1198,60,6,598
4280,60,20,535
5538,40,10,449
6119,160,14,847
3473,120,6,1073
1806,210,6,826
1177,40,18,508
2219,75,10,719
212,210,6,803
829,120,20,883
999,60,18,426
4719,40,18,449
1810,210,6,1014
2701,60,6,814
357,210,10,800
3816,160,10,811
5014,120,6,809
494,160,8,846
5897,120,20,624
2635,75,8,735
2184,40,18,438
6065,75,20,551
1426,210,10,1073
1930,75,20,504
5172,40,10,406
5097,60,8,647
5234,75,20,423
2598,75,6,695
5043,120,10,704
2094,75,6,504
2047,210,14,1030
286,40,10,480
4253,60,8,688
5783,60,8,466
1694,40,10,568
3763,75,10,514
3494,60,8,720
3099,75,18,464
685,120,18,864
238,160,6,1065
166,40,14,455
964,60,10,527
1582,75,18,599
1386,160,10,753
2515,60,18,488
1748,75,6,711
451,60,8,860
4147,120,8,608
196,75,10,688
5748,40,8,456
1429,210,10,889
3755,160,14,777
1965,75,14,717
5155,60,18,392
5352,75,6,518
2084,120,20,616
4523,75,8,993
2409,160,10,821
4394,210,10,792
5821,210,8,1486
4834,75,6,999
171,40,6,600
1415,210,18,763
2087,120,20,662
1405,160,6,1432
4026,120,20,574
5548,120,8,751
5031,160,20,568
3219,160,6,708
5487,75,8,450
4967,210,10,806
4150,120,8,888
3430,160,10,986
735,60,20,561
1752,40,18,286
2440,210,10,866
582,75,6,928
3382,160,20,619
795,40,18,724
4108,40,20,391
684,120,18,733
2702,60,6,987
2587,40,6,666
704,40,10,1019
5210,40,6,545
3495,60,8,897
4262,75,18,642
3091,75,18,630
4319,120,14,720
873,210,18,1239
1840,160,6,723
5907,210,14,968
2241,75,18,847
2866,120,14,866
5826,210,8,1201
78,120,6,1289
2257,210,8,962
5208,160,14,870
3180,40,10,698
2845,60,6,609
277,210,18,759
805,160,14,979
1963,75,14,688
1878,160,14,617
6164,160,10,965
1964,75,14,706
6061,75,20,464
708,40,10,710
1072,160,18,763
4238,40,6,577
5885,160,18,1184
1856,60,8,454
4447,160,6,841
4293,160,14,931
5770,40,6,464
422,60,10,704
3907,60,8,635
3958,40,10,503
3044,160,20,835
6089,60,10,570
3287,120,8,760
1959,75,14,936
3388,120,20,609
6115,210,18,814
1201,60,6,720
4464,75,20,449
3243,40,6,849
1537,60,20,480
3437,75,8,626
4623,40,10,520
2466,210,18,744
2249,75,18,558
5763,40,6,477
587,120,6,1122
3413,120,18,530
4683,60,18,482
6024,60,6,926
5289,75,14,466
4120,120,14,537
3776,75,20,615
5376,75,18,433
5774,40,6,599
2406,160,10,896
3356,60,20,530
1767,60,14,397
2043,160,18,568
2593,40,6,646
808,160,14,990
3955,40,10,664
4467,75,20,432
3215,160,6,816
258,40,20,343
5233,75,20,427
5057,160,6,889
362,210,10,784
523,75,14,788
4124,120,14,543
3126,120,10,666
296,60,10,710
3835,120,14,801
3767,75,10,512
2246,75,18,648
2272,210,18,809
5227,75,20,567
3125,120,10,750
591,120,6,1107
1087,120,14,656
2121,120,6,1093
369,120,14,680
4071,60,14,506
213,210,6,1010
5641,60,20,279
4549,160,10,832
1112,210,14,1001
2788,210,14,882
4662,160,6,825
1259,210,14,1079
2747,160,6,1488
5453,210,14,672
698,60,18,657
1669,210,20,609
6002,120,8,1048
2429,75,14,807
4581,210,8,1024
1996,160,8,992
2392,40,8,546
93,60,18,471
3572,40,6,814
198,75,10,625
3961,40,10,681
868,210,18,991
2395,40,8,581
1469,120,6,831
644,40,14,1000
4939,60,20,400
5647,60,20,304
271,210,18,817
1605,60,10,410
3885,210,6,889
3513,160,8,1079
378,40,8,881
1484,75,18,527
3970,120,10,696
3157,40,18,463
3575,40,6,992
2787,210,14,1056
3540,120,6,1082
4343,120,6,1152
596,160,10,954
5721,120,6,725
5174,40,10,383
3001,120,6,1522
1100,210,10,1073
5432,60,10,539
5428,75,10,473
1013,160,6,856
5618,60,14,408
2210,60,10,418
1292,40,8,488
5624,60,14,409
2008,160,20,609
1961,75,14,736
1329,40,10,449
842,60,20,738
5762,75,14,408
3009,210,6,1043
4233,40,18,345
2407,160,10,808
3298,160,8,895
524,75,14,831
3503,60,10,1089
5914,40,8,552
4162,160,8,938
1244,160,20,754
994,60,18,445
4955,160,14,668
436,40,6,829
1701,160,18,533
3401,120,20,494
2122,120,6,960
5772,40,6,447
5503,210,20,696
3079,60,18,782
1647,210,14,763
1197,60,6,666
5980,40,18,498
946,75,10,665
3855,210,14,833
549,120,14,1113
2667,210,6,1199
2964,40,14,528
208,210,6,866
1459,120,14,576
2382,160,8,800
2629,75,8,610
3588,60,20,689
5119,210,6,890
2187,40,18,297
5815,40,14,646
5905,210,14,887
4398,40,8,577
4537,120,18,696
1938,75,20,561
10,210,8,944
897,40,14,464
4585,40,6,474
3399,120,20,430
3324,210,8,1112
259,210,14,846
1209,60,18,448
4494,160,8,769
3076,210,20,768
2523,160,6,864
5086,160,10,691
1455,120,20,571
240,160,6,786
4650,210,8,1026
1743,75,6,553
1002,210,6,1313
480,120,20,1007
5766,40,6,449
4420,40,20,351
3548,120,6,800
3626,60,6,809
6037,120,6,1160
1383,160,10,800
1064,75,18,680
1514,160,8,703
331,75,18,567
6071,75,18,522
2165,210,6,1258
86,120,6,1056
4392,210,10,929
1879,160,14,559
3622,60,6,765
4843,160,8,695
766,120,10,1112
4913,75,10,600
4671,75,18,557
4750,75,8,706
3557,210,10,1116
4348,120,6,690
987,210,8,928
6121,160,14,920
558,160,6,1142
4867,160,18,626
1610,60,10,455
5081,60,10,569
4565,160,18,574
1718,40,8,490
5607,160,6,674
1081,210,20,816
2832,120,18,832
1334,40,10,474
997,60,18,578
3959,40,10,497
4505,160,20,592
1033,75,8,768
1169,75,14,561
1649,210,14,675
4028,120,20,546
3606,75,6,918
4137,40,14,401
1348,160,18,746
64,120,8,1187
2262,210,8,696
921,40,6,496
695,60,18,796
1490,210,8,826
4658,210,8,1033
1927,75,20,431
3737,60,14,565
2177,40,18,353
3493,60,8,1079
833,120,20,758
6139,60,18,696
2765,75,8,679
5090,160,10,911
4068,60,14,423
2971,60,8,786
3209,60,18,458
441,40,6,1005
3283,120,8,792
6148,60,18,482
1443,60,10,520
4460,75,20,403
1206,60,18,490
2060,60,6,729
4892,40,14,405
4354,210,14,871
5374,75,18,408
4512,210,6,1135
4612,60,6,584
6137,210,20,744
1532,60,20,423
6143,60,18,471
1854,60,8,456
5167,40,10,572
3998,40,8,504
5948,210,10,826
29,160,10,983
4848,160,8,928
2436,210,10,973
5870,40,20,439
123,160,18,661
3361,60,20,368
6132,210,20,712
3227,160,14,624
2699,60,6,912
5437,60,10,374
1936,75,20,601
1746,75,6,591
5206,160,14,744
2843,60,6,917
2731,210,8,1121
5621,60,14,466
5248,60,6,637
988,60,18,456
5838,75,14,498
2338,60,14,506
4456,160,6,986
5350,75,6,608
1136,40,20,474
2304,60,8,559
1361,210,6,1262
2920,160,18,770
5059,160,6,736
4917,75,10,647
1998,160,20,840
3770,75,20,595
3858,210,10,1207
2243,75,18,414
3545,120,6,1312
3994,40,8,519
5502,75,20,441
4250,60,8,568
5114,210,6,864
1020,160,6,1024
3100,75,18,424
6039,75,8,1121
22,160,10,1030
1906,75,20,382
2206,60,10,512
3444,40,14,615
104,75,6,710
2331,120,18,577
581,75,6,792
4057,75,10,688
5586,160,14,456
3452,40,14,371
417,75,8,1002
5324,40,14,432
3060,75,14,733
3130,40,8,507
2488,120,10,960
1510,160,8,815
2516,60,18,474
3678,40,20,627
857,160,10,1024
5485,75,8,528
4416,40,20,464
2638,160,20,722
4006,160,14,844
719,75,10,785
1024,160,20,721
1594,210,8,773
3183,210,20,913
5497,75,20,443
4604,75,14,552
512,40,18,544
3115,120,14,617
1847,60,8,360
232,60,20,441
2868,120,14,657
2501,60,10,675
5404,120,18,753
4760,120,20,640
435,40,6,723
3168,75,6,690
2195,160,6,847
4415,120,20,592
1192,60,20,511
6004,120,8,1400
467,120,10,830
3395,120,20,418
1659,75,14,458
5493,75,20,422
5822,210,8,1090
4037,60,6,590
4009,75,14,486
3717,160,6,888
1184,40,18,416
3539,120,6,910
1337,40,10,481
5402,120,18,400
5745,40,8,344
2610,60,20,470
1149,160,14,895
4669,160,6,830
1347,160,18,758
3798,40,14,594
5300,210,20,688
3267,60,6,564
4445,60,10,475
1406,160,6,983
6101,40,10,493
2211,60,10,537
888,120,6,1114
3237,40,6,554
4721,40,10,586
4823,75,20,504
3483,210,10,769
1392,40,14,494
501,160,8,952
556,160,6,1598
3865,210,10,746
3362,60,20,335
3261,210,6,1279
2776,120,10,1059
5134,160,18,499
6017,120,18,663
5678,160,20,470
3212,60,18,653
4183,60,10,416
1434,210,10,910
5715,120,6,601
1971,75,14,744
249,40,20,409
1211,60,18,600
453,60,14,725
4998,40,6,570
849,160,8,943
5891,160,18,897
1949,60,18,814
2998,120,6,818
3713,160,6,961
4418,40,20,324
6125,160,14,1008
1200,60,6,665
840,60,20,872
1808,210,6,903
4788,75,14,512
4027,120,20,618
3810,160,10,648
2543,120,14,872
3594,60,8,902
4075,210,20,733
3121,120,10,989
1682,160,10,696
290,40,10,496
2073,120,14,967
2881,120,8,782
2256,210,8,992
4239,40,6,519
5409,120,18,497
5888,160,18,793
4471,40,14,368
15,75,14,704
1673,210,20,639
1528,120,10,646
4745,120,14,605
1539,60,20,479
1734,60,18,438
996,60,18,415
3400,120,20,442
3756,160,14,1071
995,60,18,468
3559,40,8,1223
2796,60,14,675
2914,160,18,682
2853,160,10,1092
3794,75,18,520
1059,75,18,641
4889,40,14,420
4313,60,14,510
4740,120,14,784
2057,60,6,1082
3772,75,20,616
5351,75,6,784
3307,40,20,215
4352,120,6,839
33,160,10,989
2481,120,10,914
935,75,20,551
3436,75,8,831
5314,120,14,656
4307,60,18,518
5191,40,8,553
2156,40,14,456
4078,210,20,665
834,120,20,747
2343,60,14,497
1660,75,14,624
3336,75,10,767
1763,60,14,329
5648,60,20,264
1800,120,14,480
1642,40,6,440
2354,75,8,659
699,60,18,640
3625,60,6,847
5719,120,6,552
3039,160,20,783
1246,160,20,657
4784,75,14,559
2078,120,14,919
1006,210,6,1171
5101,60,8,562
2030,160,14,1096
5440,60,10,472
2860,160,10,1746
876,120,8,1083
5633,120,18,520
1861,60,8,530
1073,160,18,717
2450,75,18,669
3808,160,10,912
3440,75,8,711
560,160,6,1200
3124,120,10,848
748,160,14,942
4562,75,10,600
3218,160,6,997
1049,40,10,712
5224,75,20,396
279,210,18,720
672,160,20,863
51,75,20,702
371,120,14,714
3883,210,6,843
1487,210,8,1104
983,210,8,952
4277,40,18,689
2355,75,8,888
275,210,18,809
666,160,20,874
2502,40,14,522
818,75,6,986
489,75,18,647
2972,60,8,914
853,160,8,1088
2371,210,20,843
1449,120,20,602
403,40,20,681
6154,60,20,481
4863,60,6,602
1710,40,14,432
3568,40,8,590
3414,120,18,646
1427,210,10,925
2734,210,8,1044
4104,60,18,463
3026,40,20,462
1609,60,10,528
5546,120,8,678
2915,160,18,717
1698,160,18,586
5521,120,20,527
225,160,14,783
106,75,6,1008
5020,75,8,784
174,40,6,616
5806,120,14,793
2351,75,8,647
2427,75,14,642
1823,120,8,609
2933,40,18,466
3627,60,6,928
2919,160,18,624
3797,75,18,645
1414,210,18,949
344,120,20,720
2665,40,18,341
5819,210,8,1394
4371,75,6,736
4665,160,6,890
124,160,18,707
5197,40,8,512
663,160,20,1010
991,60,18,537
141,75,8,929
5392,40,18,311
5709,210,18,558
4836,75,6,654
1606,60,10,662
5359,210,18,782
1106,210,10,953
4446,160,6,1167
2341,60,14,703
1875,160,14,628
3065,75,14,770
3765,75,10,584
5325,40,14,393
1091,120,14,602
3833,120,14,685
2713,60,8,967
1379,160,10,712
3591,60,8,594
3655,40,18,615
2906,60,10,820
1572,120,18,552
4847,160,8,866
3646,75,8,1019
2857,160,10,894
1916,75,20,467
2132,120,10,887
4846,160,8,941
2076,120,14,930
743,60,20,648
1914,75,20,279
4472,40,14,350
2895,60,20,547
3826,120,10,712
210,210,6,984
3376,160,20,664
775,120,18,935
5676,160,20,558
625,60,6,1103
5111,210,6,931
3408,160,18,544
3050,75,20,560
705,40,10,727
5198,40,8,415
4492,160,8,933
2006,160,20,737
2722,160,14,799
4274,40,18,544
107,160,20,808
5594,160,14,522
4635,60,10,712
1541,60,20,462
230,60,20,472
3289,160,8,720
2952,40,10,735
3386,160,20,689
4443,60,10,496
4772,60,14,589
843,60,20,654
1715,40,14,440
5694,120,10,480
2648,120,6,1024
6169,160,10,944
4063,75,10,521
5733,40,18,266
1991,160,8,1353
3613,40,10,513
4850,160,8,978
4335,120,10,737
5577,210,10,775
2690,75,10,616
70,60,14,710
3673,75,14,880
1483,75,18,538
4660,160,6,879
5142,160,18,496
984,210,8,887
3787,210,18,777
2383,160,8,926
4686,60,18,521
5752,75,14,392
2816,210,18,930
4698,60,8,656
1195,60,6,696
3757,160,14,888
119,160,18,792
4817,210,14,769
4934,60,20,440
2302,60,8,506
4514,210,6,1264
5143,160,18,528
3342,75,10,600
825,120,20,1015
3407,160,18,751
5038,160,20,656
2088,120,20,713
2120,120,6,1129
3457,75,14,449
3396,120,20,591
5753,75,14,336
5736,40,18,224
5950,210,10,1055
970,60,6,521
5076,60,10,503
6051,210,6,1022
304,40,18,385
4483,120,8,723
1188,60,20,456
1533,60,20,481
3410,160,18,817
1525,120,10,686
594,160,10,1032
4060,75,10,704
2346,60,14,448
4459,75,20,365
2233,40,10,368
4517,210,6,1324
2798,60,14,686
4961,210,10,772
2432,210,10,875
4685,60,18,479
534,75,20,789
5564,75,6,522
5661,75,18,390
63,120,8,867
1871,120,6,814
1559,120,10,1145
1278,75,10,720
3725,120,8,1034
3340,75,10,1258
4553,160,10,814
3294,160,8,870
2062,60,6,758
5215,40,6,456
831,120,20,727
4276,40,18,502
4825,75,20,510
6031,120,6,1913
1321,60,8,514
56,120,8,865
5560,160,8,688
802,40,18,575
629,60,6,1024
678,40,8,775
1687,40,10,548
1570,120,18,493
4725,40,10,646
4539,120,18,520
3103,75,18,410
2772,120,10,845
4720,40,10,606
1167,75,14,746
1319,60,8,535
3511,160,8,1009
5581,210,10,740
1339,160,18,914
2597,75,6,878
5946,210,10,830
2781,210,14,1426
5283,75,14,393
30,160,10,1032
875,120,8,1114
1839,160,6,598
4067,60,14,456
3522,210,20,871
797,40,18,582
5765,40,6,451
4861,60,6,658
1732,60,18,417
5338,120,20,568
4857,60,6,598
5050,120,10,610
2732,210,8,1186
3156,40,18,728
1423,210,18,742
5041,120,10,729
2741,160,6,1186
2578,120,8,839
330,75,18,511
3768,75,20,584
521,210,20,863
877,120,8,996
680,40,8,682
5002,120,6,1057
262,210,14,793
4845,160,8,738
2224,75,10,710
111,160,20,690
957,60,8,649
1035,75,8,566
522,210,20,722
5682,160,20,523
280,210,18,679
3579,60,20,641
461,60,14,738
5330,40,14,344
4737,120,10,720
2962,40,14,513
1313,210,20,767
4433,210,20,710
4673,75,18,543
4615,60,6,534
1601,210,8,752
1650,210,14,726
4350,120,6,655
1695,40,10,416
503,40,18,541
2494,60,10,657
1159,40,6,695
639,210,6,1463
5793,210,8,667
3566,40,8,774
5173,40,10,491
5434,60,10,526
1235,75,6,702
3783,210,18,863
2294,40,6,1143
939,75,10,897
3561,40,8,889
4089,75,8,534
5742,40,8,455
2339,60,14,448
5379,40,20,399
2819,210,18,1042
1886,210,10,719
3104,75,18,527
3982,210,14,1023
5265,60,20,394
4035,60,6,704
2,210,8,1024
1307,210,20,871
828,120,20,839
1385,160,10,873
3806,40,14,497
368,120,14,679
5411,160,10,936
645,40,14,689
428,60,10,813
3365,60,14,511
3617,40,10,563
3301,40,20,455
1864,120,6,672
5860,160,6,1392
2983,75,6,768
2557,160,18,784
4375,210,18,976
3421,120,18,474
1410,160,6,1001
2549,120,14,927
103,75,6,944
4744,120,14,624
2700,60,6,713
6076,75,18,512
856,160,10,912
2182,40,18,297
4997,40,6,521
4054,75,10,640
2959,40,14,527
4257,60,8,663
5345,75,6,592
5894,120,20,609
760,40,8,574
335,120,20,886
5679,160,20,507
3497,60,8,593
5237,160,8,792
5638,120,18,536
2862,160,10,1202
5281,75,14,405
169,40,14,435
4164,160,8,761
3668,75,14,712
647,40,14,650
1644,40,6,640
2251,75,18,347
2692,75,10,672
1034,75,8,967
4294,160,14,736
92,60,18,378
95,60,18,375
1668,210,20,721
1115,210,14,958
3184,210,20,766
2225,75,10,560
925,40,6,760
5689,120,10,532
1022,160,6,928
878,120,8,894
2118,120,6,1039
5775,60,8,426
1939,40,20,654
975,60,6,807
583,120,6,862
750,160,14,1051
1026,160,20,729
5579,210,10,704
745,160,14,842
3887,210,6,1008
5909,210,14,914
3492,60,8,1033
1251,75,8,741
4993,40,6,616
5690,120,10,531
4888,40,14,491
4470,75,20,400
841,60,20,694
5814,40,14,488
243,160,6,1048
224,160,14,600
250,40,20,526
2168,210,6,1161
1645,210,14,728
367,120,14,640
5818,40,14,512
4664,160,6,829
3306,40,20,400
3996,40,8,609
1917,75,20,639
2553,160,18,798
3086,60,18,496
5565,75,6,442
4900,160,20,624
3895,60,20,490
4829,75,20,471
4515,210,6,1050
4139,40,14,438
2001,160,20,677
3868,210,10,824
776,120,18,816
3736,60,14,542
1273,75,10,585
1908,75,20,278
2921,160,18,768
3240,40,6,526
1791,60,6,569
6011,120,18,767
1988,160,8,1384
4458,160,6,893
1894,210,10,614
6163,160,10,952
817,75,6,1270
3730,60,14,719
1232,75,6,667
1869,120,6,624
5658,75,18,360
5583,210,10,638
4279,60,20,626
67,60,14,592
2961,40,14,512
830,120,20,816
5717,120,6,672
58,120,8,1046
837,60,20,543
3434,75,8,609
2609,60,20,479
3171,75,6,793
265,210,14,1209
4795,40,8,575
924,40,6,585
217,160,14,895
443,60,8,886
3971,120,10,584
2065,60,6,551
6123,160,14,920
4305,60,18,523
5205,160,14,687
1397,40,14,596
548,120,14,927
884,120,8,903
4349,120,6,834
2666,210,6,1521
2308,120,8,755
5653,75,18,407
5824,210,8,1008
4502,160,20,521
219,160,14,808
1479,75,18,536
1324,60,8,608
2837,120,18,703
395,210,10,1065
5356,210,18,656
2503,40,14,473
247,160,6,886
4272,40,18,555
228,60,20,480
5842,40,6,560
5685,120,10,719
3744,160,20,854
438,40,6,869
5182,75,10,514
4538,120,18,656
2103,210,10,1120
3659,210,6,1277
5649,75,18,423
1296,120,18,750
1958,60,18,392
1354,60,14,513
2986,120,20,594
3939,75,6,673
3859,210,10,865
3012,210,6,1155
5099,60,8,576
6015,120,18,658
3634,120,18,865
1472,120,6,888
5650,75,18,321
4244,40,6,767
5848,40,6,599
2533,120,18,719
2109,210,10,801
5315,120,14,488
2055,60,6,729
5238,160,8,720
3601,75,6,1310
1039,75,8,743
1042,75,8,857
5278,120,8,723
4341,120,6,839
1466,120,6,704
1093,120,14,608
3647,75,8,969
4986,160,10,646
3158,40,18,453
4252,60,8,530
3297,160,8,751
2684,75,20,457
1619,160,20,592
4167,160,8,674
5042,120,10,607
6102,40,10,495
4677,75,18,518
3235,40,6,937
5201,160,14,814
4973,210,20,617
1315,60,8,567
2498,60,10,741
1430,210,10,847
102,75,6,873
1513,160,8,1033
1290,40,8,615
564,120,8,1015
894,120,6,929
412,75,8,680
3932,160,6,848
2227,75,10,677
5741,40,8,338
4785,75,14,688
1527,120,10,722
658,210,14,1046
5271,120,8,522
5923,40,8,737
3234,40,6,1254
4321,120,14,680
1231,75,6,613
23,160,10,1114
2736,210,8,880
1887,210,10,738
3929,160,6,914
359,210,10,1099
4852,60,6,730
1104,210,10,909
4296,160,14,1056
4155,120,8,704
6100,40,10,659
1843,160,6,648
5046,120,10,712
3092,75,18,767
1549,210,18,600
128,120,18,662
5670,210,6,792
5877,75,10,715
744,160,14,1045
4379,210,18,680
3244,40,6,728
5971,75,6,815
457,60,14,729
1720,40,8,455
2990,120,20,673
4385,210,10,934
1888,210,10,879
5261,60,20,367
5712,210,18,504
2320,120,18,481
710,40,10,750
4953,160,14,704
2856,160,10,1106
4780,75,14,585
292,60,10,583
616,210,18,803
2928,40,18,480
4606,60,6,984
1932,75,20,425
4697,60,8,601
3989,40,8,498
144,75,8,590
4260,75,18,504
2880,120,8,867
2079,120,14,630
6138,210,20,1232
161,40,14,432
1799,120,14,495
2244,75,18,473
3888,210,6,1023
4429,210,20,690
3850,210,14,680
0,210,8,1146
4130,75,20,472
1576,75,18,680
3701,120,20,714
5253,60,6,545
2892,160,8,993
5178,75,10,471
1524,120,10,578
3894,60,20,513
5713,210,18,544
2451,60,14,567
617,210,18,1072
2161,40,14,416
3217,160,6,760
4713,40,18,464
3604,75,6,943
2089,120,20,671
2173,210,6,1104
4227,40,18,336
2209,60,10,535
4761,120,20,600
1390,40,14,636
931,75,20,494
2809,40,6,784
4856,60,6,601
5217,40,6,432
5184,75,10,439
4187,60,10,511
1564,120,18,601
1369,210,6,822
1088,120,14,670
3920,160,18,748
5393,40,18,329
1654,210,14,802
1126,75,14,769
1615,160,20,745
6057,210,6,1721
3890,60,20,736
5708,210,18,497
3411,160,18,735
4531,75,8,753
4204,120,18,472
2248,75,18,514
5104,60,8,430
5407,120,18,535
162,40,14,441
4596,75,14,535
3708,160,6,1495
2670,210,6,926
769,120,10,965
3681,40,20,622
1853,60,8,474
2318,120,8,711
5124,210,10,755
5175,40,10,584
3671,75,14,528
1835,160,6,797
4397,40,8,513
3204,60,18,529
677,40,8,1026
406,40,20,646
3534,210,8,1181
5048,120,10,641
1317,60,8,512
5026,75,8,767
4594,40,6,471
1255,75,8,589
5710,210,18,550
2517,60,18,550
112,160,20,766
5306,210,14,632
118,160,18,695
2617,40,20,507
3368,60,14,584
3718,120,8,986
5599,40,14,352
54,75,20,778
1320,60,8,618
5879,75,10,913
3087,75,18,573
2127,120,6,698
1777,160,8,728
1440,60,10,544
2061,60,6,493
3570,40,6,742
3691,60,18,585
4010,75,14,562
586,120,6,966
6050,210,6,1199
5126,210,10,616
2456,60,14,587
57,120,8,857
5993,160,8,624
1941,40,20,377
4819,210,14,712
50,75,20,650
4653,210,8,833
2580,120,8,1008
5260,60,20,336
2623,40,20,423
366,210,10,817
971,60,6,918
4800,210,18,938
1735,60,18,380
2834,120,18,886
3896,60,20,478
5365,210,18,613
5029,75,8,623
4729,40,10,535
3128,120,10,830
638,210,6,1216
1928,75,20,425
3817,160,10,882
3000,120,6,1201
1744,75,6,750
1219,120,8,691
1811,210,6,735
819,75,6,903
3189,210,20,952
902,40,14,577
4631,60,10,791
1585,120,20,640
641,210,6,1055
2086,120,20,665
3880,210,6,801
3877,160,20,714
35,210,20,848
1085,210,20,801
1774,160,8,746
3595,60,8,969
555,160,6,1185
5087,160,10,791
1992,160,8,1711
5335,120,20,465
3941,75,6,728
2529,160,6,1168
709,40,10,691
751,160,14,919
4498,160,8,713
3619,60,6,904
4591,40,6,437
5221,40,6,482
5589,160,14,536
5817,40,14,486
2968,60,8,542
821,75,6,1143
4640,120,18,782
99,75,6,805
1640,40,6,614
773,120,10,910
3145,75,20,690
1404,160,6,666
2460,60,14,530
5794,210,8,694
5853,160,6,1216
1450,120,20,630
3002,120,6,979
1208,60,18,480
3288,160,8,871
692,120,18,753
4479,40,14,371
4974,210,20,711
5063,160,6,1000
5751,75,14,421
173,40,6,535
6113,210,18,1066
6152,60,20,439
562,160,6,1512
4903,160,20,494
2752,160,14,624
5047,120,10,760
1607,60,10,602
4855,60,6,503
2999,120,6,992
2236,40,10,376
4918,75,10,576
4779,60,14,527
2607,60,20,544
5945,210,10,1136
4462,75,20,392
1418,210,18,761
6021,60,6,816
4789,75,14,658
5571,75,6,610
3207,60,18,448
1057,75,18,585
4031,60,6,728
1512,160,8,841
1824,40,20,303
2542,120,18,741
3843,160,18,800
630,60,6,824
3784,210,18,961
4177,120,6,710
4340,120,6,1024
1500,75,20,480
3769,75,20,490
2418,120,20,712
3524,210,20,840
2114,210,10,1082
3449,40,14,1088
5869,40,20,461
2204,60,10,384
3506,60,10,1026
1565,120,18,608
2389,160,8,1058
6041,75,8,566
3404,160,18,657
893,120,6,1183
5268,120,8,815
3112,120,14,1237
3657,40,18,602
4896,40,14,434
665,160,20,767
1424,210,10,911
621,210,18,921
1395,40,14,473
3576,40,6,845
3137,40,8,478
2925,40,18,482
5252,60,6,609
1849,60,8,497
1758,40,18,246
561,160,6,1120
2888,160,8,1039
3405,160,18,577
4925,210,6,1031
5102,60,8,536
2848,60,6,735
424,60,10,776
3043,160,20,799
2029,160,14,816
3831,120,14,650
3589,60,8,840
4734,120,10,786
5316,120,14,582
1551,210,18,687
3666,210,6,1289
2854,160,10,1089
2424,75,14,526
2697,75,10,648
234,60,20,590
5961,160,20,1122
1294,120,18,742
4959,160,14,632
5669,210,6,761
4679,75,18,622
3034,40,20,450
3299,160,8,811
4915,75,10,599
3262,210,6,1120
5132,210,10,727
2698,75,10,718
5408,120,18,489
349,120,10,734
97,75,6,574
5784,60,8,536
4803,210,18,775
4783,75,14,609
5288,75,14,487
2659,40,18,426
5027,75,8,808
3417,120,18,518
2188,40,18,369
5262,60,20,353
6022,60,6,969
670,160,20,766
650,40,14,504
269,210,14,673
2360,210,14,918
2559,160,18,789
3957,40,10,705
4189,60,10,599
4797,40,8,592
5049,120,10,773
1021,160,6,824
626,60,6,1142
1116,210,14,970
4055,75,10,592
4132,75,20,482
2693,75,10,815
31,160,10,1336
3330,210,8,1009
5730,40,18,395
140,75,8,864
5545,120,8,665
3521,210,20,983
2554,160,18,823
1804,210,6,886
3019,75,10,527
5834,75,14,553
4255,60,8,948
1025,160,20,704
3694,60,18,633
2191,160,6,1083
5662,210,6,928
4235,40,18,408
5605,40,14,330
5898,120,20,648
1555,120,10,615
722,75,10,1041
307,40,18,398
3697,60,18,575
2899,60,20,866
1507,75,20,610
731,210,8,1209
4082,210,20,848
2756,160,14,755
394,210,10,1143
4234,40,18,353
2941,210,10,1074
3110,120,14,728
5584,210,10,608
4576,210,8,1106
5532,60,18,357
1146,160,14,1058
1900,75,10,410
4034,60,6,610
2799,60,14,575
2228,40,10,368
1691,40,10,390
5644,60,20,355
2016,40,8,480
5025,75,8,593
3389,120,20,806
905,40,20,510
2757,160,14,1025
2425,75,14,586
3653,40,18,649
5146,210,8,930
4431,210,20,838
4178,120,6,681
289,40,10,672
4116,120,14,494
4575,210,8,1200
3213,160,6,1280
3751,160,14,717
3390,120,20,698
5652,75,18,349
4016,75,14,609
4403,40,8,504
1880,160,14,567
5264,60,20,642
1545,210,18,696
1795,120,14,605
2936,210,10,918
3114,120,14,728
5714,210,18,520
181,40,6,601
4363,75,6,711
777,120,18,930
5707,210,18,521
5843,40,6,694
1590,120,20,535
4752,75,8,672
1563,120,18,490
2113,210,10,1086
2366,210,14,911
5236,160,8,667
1416,210,18,824
74,60,14,600
4881,120,6,800
3719,120,8,983
852,160,8,1176
1287,40,8,567
3529,210,8,1608
20,75,14,671
544,120,14,712
3477,210,10,1128
361,210,10,816
3371,60,14,353
59,120,8,931
1969,75,14,432
1097,120,14,744
3190,210,20,727
4806,210,18,861
421,75,8,872
3197,60,10,512
442,60,8,874
2563,210,8,1294
1045,40,10,440
2544,120,14,846
5947,210,10,1289
305,40,18,441
5862,40,20,600
3560,40,8,1327
1137,40,20,464
5876,75,10,1576
2886,160,8,995
3878,160,20,574
3854,210,14,1007
3468,120,6,887
4041,210,8,1232
3716,160,6,1050
3153,40,18,485
2137,120,10,584
3296,160,8,817
4008,160,14,750
2967,60,8,575
6049,210,6,1360
2279,210,18,910
1297,120,18,730
1196,60,6,639
4905,160,20,472
1465,120,14,724
3518,160,8,1497
2376,210,20,813
1556,120,10,750
5160,60,18,425
590,120,6,1046
76,120,6,1086
4522,210,6,1209
4714,40,18,583
1816,120,8,579
2624,75,8,708
5994,160,8,1280
156,60,6,672
5922,40,8,703
3905,60,8,545
5702,40,20,238
6079,75,18,537
1145,160,14,765
4122,120,14,608
1981,160,10,1121
1756,40,18,238
2974,75,6,867
3310,40,20,359
950,60,8,777
4384,210,10,1032
1181,40,18,528
4824,75,20,514
2260,210,8,871
1243,160,20,801
721,75,10,1043
2067,60,6,848
5886,160,18,823
4682,60,18,581
3249,210,6,906
2540,120,18,758
2627,75,8,697
880,120,8,1064
5865,40,20,466
2372,210,20,822
2733,210,8,1023
2715,60,8,793
718,75,10,987
3586,60,20,656
2234,40,10,450
3435,75,8,559
5849,40,6,874
4910,75,10,617
4529,75,8,750
4654,210,8,911
449,60,8,814
5927,60,8,624
477,120,20,760
2105,210,10,1344
3233,160,14,857
1140,40,20,463
5185,75,10,634
2189,40,18,401
3876,160,20,639
2119,120,6,1032
5518,120,20,434
5058,160,6,953
3246,40,6,757
4552,160,10,887
3640,75,8,835
2605,60,20,517
1407,160,6,936
1677,160,10,655
145,75,8,722
4916,75,10,561
6026,60,6,809
998,60,18,513
4864,160,18,869
1478,75,18,499
383,40,8,607
3032,40,20,467
4605,75,14,609
6066,75,20,536
3862,210,10,968
2738,210,8,1203
4493,160,8,947
3179,40,10,733
570,120,8,966
5738,40,18,247
3482,210,10,982
226,160,14,753
5441,160,18,705
1529,120,10,652
1931,75,20,663
980,210,8,1145
85,120,6,944
3319,210,14,730
3273,60,6,774
4248,60,8,948
4342,120,6,1025
3033,40,20,605
1028,160,20,625
5509,210,20,593
5108,210,6,961
1228,75,6,624
2068,120,14,761
5309,210,14,887
2746,160,6,1106
1574,75,18,448
5847,40,6,1320
2911,60,10,687
4641,120,18,674
5426,75,10,665
6070,75,18,734
323,60,8,967
3394,120,20,527
3445,40,14,469
5982,40,18,505
4689,60,18,544
5424,75,10,624
2274,210,18,687
5744,40,8,368
3904,60,8,512
643,40,14,719
199,75,10,623
5037,160,20,1057
1257,75,8,648
2081,120,20,722
3172,40,10,491
4210,75,18,384
4102,60,18,531
1326,60,8,623
4595,40,6,557
1215,60,18,457
5623,60,14,369
5100,60,8,429
1239,160,20,718
1923,210,20,791
314,40,18,530
4351,120,6,896
5629,120,18,536
143,75,8,827
1053,40,10,649
138,75,8,640
6,210,8,1054
382,40,8,855
4937,60,20,455
3818,120,10,778
2194,160,6,928
6084,60,10,640
1142,160,14,986
5462,120,14,546
749,160,14,910
4480,40,14,446
1612,60,10,551
1275,75,10,715
3909,60,8,527
5926,60,8,720
4601,75,14,574
3556,210,10,1517
1812,210,6,872
4030,60,6,568
2375,210,20,864
598,160,10,910
130,120,18,647
1433,210,10,856
1639,40,6,553
3705,120,20,928
4017,75,14,454
117,160,18,744
736,60,20,640
1340,160,18,735
6010,120,18,803
211,210,6,1221
2871,120,14,542
2384,160,8,905
3134,40,8,578
2433,210,10,800
5508,210,20,578
2268,210,18,744
5570,75,6,718
3196,60,10,695
2052,210,14,840
2024,160,14,904
968,60,6,680
2420,75,14,848
3067,210,20,881
3095,75,18,479
5192,40,8,431
5414,160,10,912
4051,210,8,1016
565,120,8,1112
1805,210,6,825
1078,210,20,958
3419,120,18,624
5144,210,8,968
5534,40,10,389
3936,75,6,624
3253,210,6,846
5956,210,10,865
3007,210,6,1024
4172,120,6,794
2685,75,20,472
4393,210,10,784
2534,120,18,769
1180,40,18,417
5483,75,8,760
4218,210,18,647
4059,75,10,752
2877,120,8,882
5442,160,18,641
5859,160,6,1304
3674,75,14,705
5634,120,18,471
4213,75,18,641
2020,40,8,457
2051,210,14,832
26,160,10,863
432,40,6,923
1600,210,8,737
4628,60,10,968
236,60,20,409
1031,160,20,589
485,75,18,791
2573,210,8,893
4710,40,18,503
272,210,18,702
5613,160,6,662
2839,120,18,994
1488,210,8,975
2250,75,18,365
55,120,8,822
1717,40,8,463
4358,210,14,769
928,75,20,794
5367,75,18,336
4773,60,14,465
5802,120,14,797
2475,40,10,512
757,40,8,664
3152,40,18,335
3255,210,6,986
1203,60,6,530
2200,60,10,549
445,60,8,798
1920,210,20,1187
4763,120,20,523
4503,160,20,606
1190,60,20,533
4716,40,18,498
328,75,18,520
1831,40,20,233
3256,210,6,920
3749,160,14,821
126,160,18,737
4781,75,14,618
1867,120,6,647
2422,75,14,623
1494,210,8,1040
4705,120,8,711
1461,120,14,605
3314,210,14,792
2696,75,10,581
791,60,14,577
2721,160,14,776
387,40,8,543
2112,210,10,1127
4481,120,8,707
1176,40,18,436
3201,60,10,704
3525,210,20,756
5827,210,8,1062
81,120,6,1048
5759,75,14,456
4094,75,8,760
3432,75,8,626
532,75,14,680
3331,210,8,1155
2264,210,8,848
4163,160,8,808
4636,60,10,729
1986,160,8,1062
3631,120,18,924
1709,40,14,409
352,120,10,758
929,75,20,642
1658,75,14,477
2519,60,18,423
4098,60,18,440
3206,60,18,872
4645,120,18,655
2038,160,18,755
5924,40,8,825
2015,40,8,553
2870,120,14,631
5291,210,20,633
3041,160,20,640
469,120,10,774
3232,160,14,1014
5455,210,14,666
5334,120,20,446
1122,75,14,538
5349,75,6,673
5222,40,6,566
2550,120,14,825
1412,210,18,758
3269,60,6,568
2934,210,10,1394
190,160,8,1091
5804,120,14,903
6085,60,10,632
788,60,14,725
2021,40,8,479
125,160,18,679
1944,40,20,370
1008,210,6,889
5419,160,10,605
108,160,20,847
178,40,6,679
3455,75,14,504
4170,120,6,641
283,40,10,545
3005,210,6,996
3635,120,18,905
593,160,10,793
2201,60,10,402
2901,60,20,673
3315,210,14,786
313,40,18,392
2271,210,18,688
5089,160,10,743
1279,75,10,751
6014,120,18,591
3661,210,6,1233
4070,60,14,423
364,210,10,913
4211,75,18,439
4975,210,20,607
2683,75,20,421
4951,160,14,704
2408,160,10,761
5932,60,8,576
3571,40,6,819
46,75,20,912
3151,75,20,382
3812,160,10,1095
1363,210,6,920
1807,210,6,632
2601,75,6,693
3229,160,14,703
4485,120,8,751
2691,75,10,583
3329,210,8,862
3078,60,18,501
4366,75,6,1112
4868,160,18,826
3504,60,10,861
1067,160,18,885
686,120,18,997
1836,160,6,967
5467,120,14,592
2430,210,10,1048
528,75,14,696
2255,210,8,1377
5450,160,18,430
3223,160,6,1352
3530,210,8,1111
3916,160,18,728
4804,210,18,785
2010,40,8,417
1481,75,18,575
566,120,8,1048
5811,40,14,554
6081,60,10,616
4871,160,18,671
4152,120,8,552
3728,60,14,793
4798,40,8,664
4599,75,14,502
1185,60,20,693
1245,160,20,701
3281,120,8,688
183,160,8,1041
5176,40,10,408
268,210,14,792
1889,210,10,695
3073,210,20,835
462,120,10,831
1630,75,8,473
1838,160,6,762
2288,40,6,701
4586,40,6,512
4527,75,8,967
3284,120,8,840
4377,210,18,761
5413,160,10,792
2269,210,18,648
1873,120,6,594
5498,75,20,383
4422,40,20,322
4532,75,8,663
2520,60,18,474
1809,210,6,800
5718,120,6,583
3409,160,18,536
4284,60,20,560
4878,120,6,816
6088,60,10,832
1995,160,8,1027
1444,60,10,597
3684,40,20,669
5296,210,20,629
1987,160,8,909
4544,160,10,889
4106,40,20,395
5009,120,6,1065
4807,210,18,867
1567,120,18,511
1976,160,10,1018
5056,160,6,871
5008,120,6,864
1453,120,20,820
5354,210,18,673
3385,160,20,607
4231,40,18,296
2104,210,10,1114
2155,40,14,456
498,160,8,878
463,120,10,888
2654,120,6,769
5620,60,14,391
4453,160,6,880
5874,75,10,933
3460,75,14,602
1050,40,10,514
3053,75,20,690
5231,75,20,472
5788,210,8,985
2110,210,10,817
4019,120,20,512
3358,60,20,444
2349,75,8,552
5131,210,10,769
2590,40,6,550
5417,160,10,713
5896,120,20,695
4118,120,14,571
5871,40,20,489
4225,210,18,649
2566,210,8,1184
5103,60,8,656
3778,210,18,1055
460,60,14,775
2824,40,8,576
1368,210,6,904
4144,40,14,390
1984,160,10,799
1004,210,6,1039
2025,160,14,1114
2385,160,8,945
4149,120,8,633
5308,210,14,904
3754,160,14,823
5254,60,6,502
3547,120,6,1000
3148,75,20,471
903,40,14,422
1680,160,10,654
4574,210,8,1320
1036,75,8,723
4966,210,10,904
3811,160,10,744
1121,75,14,431
5313,120,14,568
4526,75,8,1159
633,210,6,1274
1229,75,6,640
712,40,10,720
4693,60,8,627
5785,60,8,528
4039,60,6,703
3908,60,8,655
1679,160,10,657
885,120,6,1049
1428,210,10,1051
5331,40,14,370
3387,160,20,536
3682,40,20,658
4029,120,20,568
1360,60,14,520
17,75,14,690
2207,60,10,478
5270,120,8,581
2005,160,20,631
1189,60,20,536
814,75,6,945
2644,160,20,727
2833,120,18,736
4521,210,6,1064
1299,120,18,657
5117,210,6,806
1161,40,6,702
1238,160,20,690
3950,160,10,785
90,60,18,575
3978,210,14,846
5975,75,6,815
3142,75,20,760
3892,60,20,472
973,60,6,849
572,120,8,911
3384,160,20,552
5123,210,10,713
5431,60,10,495
4762,120,20,583
3685,40,20,845
2826,40,8,708
2500,60,10,678
3280,120,8,688
5080,60,10,450
3132,40,8,568
1578,75,18,445
4902,160,20,592
2358,75,8,952
3986,210,14,751
5284,75,14,389
4833,75,6,607
2537,120,18,750
5060,160,6,880
5353,75,6,592
4509,160,20,666
2468,210,18,951
6003,120,8,897
3881,210,6,968
3485,210,10,945
273,210,18,826
5169,40,10,445
5807,120,14,872
2130,120,10,593
2158,40,14,688
1147,160,14,1416
610,160,18,934
1899,75,10,428
1314,60,8,544
4,210,8,865
5735,40,18,248
464,120,10,847
4110,40,20,353
3013,210,6,1498
2423,75,14,681
5543,40,10,478
4339,120,6,1319
5244,160,8,816
4143,40,14,420
608,160,18,1019
2013,40,8,553
1764,60,14,462
3149,75,20,417
5115,210,6,825
5459,210,14,586
2898,60,20,656
4496,160,8,1050
4185,60,10,575
5970,75,6,683
5064,160,6,837
3562,40,8,952
1727,60,18,391
4854,60,6,739
4413,120,20,577
1968,75,14,553
648,40,14,623
88,60,18,569
1632,75,8,696
241,160,6,896
1972,160,10,1374
3113,120,14,705
2485,120,10,672
4466,75,20,415
5575,210,10,873
4602,75,14,610
300,60,10,574
2903,60,20,804
5729,120,6,702
2035,160,18,753
5154,210,8,919
2074,120,14,755
820,75,6,1137
5004,120,6,1031
2785,210,14,946
5592,160,14,656
6005,120,8,951
4839,75,6,544
5573,75,6,512
4649,210,8,1014
3175,40,10,345
4901,160,20,568
3042,160,20,659
3519,210,20,1105
5055,160,6,928
4105,40,20,396
4643,120,18,688
3943,75,6,658
3760,75,10,680
3597,60,8,704
3677,75,14,725
2405,160,10,823
2874,120,8,1699
5423,75,10,475
2183,40,18,390
690,120,18,843
2996,120,6,898
4558,75,10,854
2735,210,8,1363
153,60,6,727
1310,210,20,827
1295,120,18,711
541,75,20,570
294,60,10,720
3252,210,6,1368
6135,210,20,896
603,160,18,889
979,210,8,1280
1557,120,10,640
5361,210,18,560
2327,120,18,530
3838,160,18,962
2686,75,20,423
4136,40,14,382
4995,40,6,713
5150,210,8,886
3029,40,20,385
5829,75,14,720
5697,40,20,266
3734,60,14,600
4206,75,18,473
4266,75,18,536
1780,160,8,708
3707,120,20,1040
3228,160,14,751
3236,40,6,598
4668,160,6,1063
2955,40,14,495
615,210,18,966
3317,210,14,608
2237,40,10,593
3612,40,10,583
2902,60,20,703
5220,40,6,526
2828,40,8,564
4534,120,18,662
4475,40,14,314
1684,160,10,694
3004,120,6,1199
3187,210,20,686
4435,210,20,752
2266,210,8,992
4322,120,14,656
1770,60,14,430
1842,160,6,655
2364,210,14,890
5553,120,8,642
5813,40,14,532
2786,210,14,1073
4688,60,18,538
72,60,14,608
5469,120,14,504
5311,210,14,786
223,160,14,888
1362,210,6,938
3472,120,6,966
5756,75,14,399
3608,75,6,1055
1519,160,8,672
4989,160,10,618
293,60,10,858
1119,210,14,905
5488,75,8,544
5,210,8,1287
4184,60,10,440
1561,120,10,727
1224,120,8,799
1693,40,10,442
2449,75,18,659
4550,160,10,702
4100,60,18,478
3598,60,8,624
5177,75,10,546
5066,60,14,426
5606,160,6,865
5796,210,8,744
2649,120,6,849
5391,40,18,339
3564,40,8,837
5937,120,10,1052
738,60,20,562
146,75,8,832
4676,75,18,560
1094,120,14,750
392,210,10,991
5777,60,8,538
4887,120,6,705
4226,210,18,688
5429,75,10,513
5077,60,10,443
5523,60,18,360
5726,120,6,679
5728,120,6,639
2489,120,10,735
540,75,20,710
2764,75,8,850
1583,120,20,662
2546,120,14,794
6120,160,14,745
2198,160,6,953
3913,160,18,689
5443,160,18,586
5484,75,8,456
2292,40,6,581
2528,160,6,981
510,40,18,511
222,160,14,760
1133,40,20,481
4674,75,18,527
934,75,20,616
6023,60,6,951
4117,120,14,614
4140,40,14,379
778,120,18,790
3014,210,6,2034
5151,210,8,1018
2096,75,6,544
2954,40,10,640
1844,160,6,633
4247,40,6,464
1332,40,10,561
2742,160,6,1093
3711,160,6,1081
4842,160,8,1019
683,120,18,843
1579,75,18,441
207,210,6,982
4815,210,14,753
3200,60,10,800
4722,40,10,552
2056,60,6,839
4572,160,18,807
1728,60,18,418
1706,40,14,616
5539,40,10,415
508,40,18,734
4756,75,8,593
1652,210,14,600
3620,60,6,782
1915,75,20,367
3781,210,18,791
3991,40,8,519
2830,40,8,625
1785,60,6,481
2551,120,14,769
2277,210,18,959
1769,60,14,391
1643,40,6,496
4207,75,18,552
448,60,8,760
2054,60,6,1376
5065,60,14,455
5304,210,14,625
3146,75,20,750
3439,75,8,686
195,75,10,696
446,60,8,815
3873,160,20,720
1043,40,10,751
244,160,6,1135
3761,75,10,522
5890,160,18,657
2745,160,6,1106
5558,160,8,805
506,40,18,712
759,40,8,699
2261,210,8,993
5610,160,6,823
478,120,20,998
2530,160,6,1018
1141,40,20,522
3533,210,8,1196
725,210,8,1072
2166,210,6,1264
4463,75,20,421
1225,120,8,720
4219,210,18,624
4111,40,20,544
1509,160,8,896
4805,210,18,833
2282,40,6,787
1090,120,14,621
5957,160,20,737
1757,40,18,234
274,210,18,816
5034,160,20,686
912,40,20,430
1127,75,14,695
5990,160,8,1111
373,120,14,576
5070,60,14,417
5552,120,8,677
4508,160,20,606
1125,75,14,526
2675,210,6,1053
1703,160,18,528
2064,60,6,760
4302,60,18,568
4642,120,18,768
6054,210,6,1184
5396,40,18,314
2841,120,18,713
1163,40,6,582
4444,60,10,548
1793,120,14,461
4548,160,10,1041
4976,210,20,626
3415,120,18,400
3771,75,20,731
793,60,14,600
5276,120,8,1368
3551,210,10,1224
2386,160,8,920
5769,40,6,395
2851,60,6,757
4473,40,14,288
3194,60,10,548
3085,60,18,581
3952,160,10,653
1171,75,14,538
5394,40,18,359
4711,40,18,497
1335,40,10,440
295,60,10,505
899,40,14,582
39,210,20,841
5845,40,6,718
5505,210,20,632
1506,75,20,478
4406,120,20,784
319,60,8,816
2908,60,10,739
2589,40,6,568
4242,40,6,482
393,210,10,1392
73,60,14,536
2704,60,6,678
3688,60,18,834
4198,120,18,800
959,60,10,742
3254,210,6,1002
2913,60,10,878
5363,210,18,616
3825,120,10,674
1766,60,14,393
2399,40,8,664
4289,160,14,925
4449,160,6,1006
5468,120,14,568
1289,40,8,553
977,60,6,778
787,60,14,754
1376,160,10,703
660,210,14,847
5180,75,10,409
2595,75,6,897
6093,60,14,465
2916,160,18,837
1477,75,18,541
5795,210,8,1013
5096,60,8,754
4952,160,14,727
3108,120,14,963
4193,60,10,494
3084,60,18,653
5444,160,18,552
3893,60,20,455
6096,60,14,554
2793,60,14,575
1635,40,6,503
176,40,6,615
3093,75,18,626
1897,75,10,546
3592,60,8,801
779,120,18,753
2300,60,8,541
381,40,8,681
4884,120,6,735
3861,210,10,775
3633,120,18,960
2724,160,14,976
1445,60,10,655
5088,160,10,713
2873,120,14,848
1437,60,10,496
563,120,8,857
5965,160,20,1112
2505,40,14,447
3739,160,20,951
3303,40,20,241
4402,40,8,617
1821,120,8,494
4300,60,18,561
5939,120,10,921
689,120,18,797
3715,160,6,1439
2276,210,18,744
1518,160,8,769
2138,120,10,671
2584,40,6,654
916,40,20,627
490,75,18,728
909,40,20,368
628,60,6,992
175,40,6,672
667,160,20,952
472,120,10,889
5839,40,6,808
1581,75,18,601
4396,40,8,676
5397,120,18,545
2981,75,6,690
3829,120,14,623
1284,40,8,615
4796,40,8,601
1485,75,18,513
574,75,6,918
1722,40,8,455
5039,160,20,704
4809,210,18,784
1179,40,18,477
1151,160,14,768
3285,120,8,696
4992,40,6,682
2621,40,20,379
2947,40,10,784
6091,60,14,521
1068,160,18,852
5911,210,14,894
1922,210,20,1144
1304,210,20,893
1276,75,10,734
3123,120,10,840
151,60,6,681
3758,75,10,794
4330,120,10,588
6108,40,10,569
1420,210,18,857
803,40,18,577
5486,75,8,502
4441,60,10,489
4736,120,10,764
2570,210,8,858
6140,60,18,560
3239,40,6,877
2641,160,20,823
2907,60,10,655
5887,160,18,943
5226,75,20,394
427,60,10,985
926,40,6,990
2770,75,8,836
1242,160,20,786
4802,210,18,744
5371,75,18,386
4580,210,8,1008
1439,60,10,527
2003,160,20,735
5145,210,8,750
5857,160,6,1673
3048,75,20,493
3596,60,8,768
4506,160,20,647
4334,120,10,623
2725,160,14,810
4127,75,20,385
5321,120,14,472
4135,75,20,545
1627,75,8,506
702,60,18,850
1144,160,14,1113
2106,210,10,1618
6055,210,6,1000
2136,120,10,475
664,160,20,729
1911,75,20,266
5611,160,6,816
43,210,20,824
1293,40,8,598
5298,210,20,736
1978,160,10,880
1952,60,18,880
1077,210,20,839
1355,60,14,474
4326,120,14,672
838,60,20,760
2791,60,14,899
391,210,10,1008
3509,160,8,1241
6111,210,18,1208
4535,120,18,874
3692,60,18,529
3375,160,20,801
1056,75,18,602
121,160,18,751
3292,160,8,840
2814,210,18,767
4510,160,20,832
3735,60,14,594
634,210,6,1294
3487,60,8,767
4327,120,14,606
4205,120,18,489
3481,210,10,1149
2779,120,10,1301
3832,120,14,701
948,60,8,783
3845,160,18,724
4062,75,10,482
5930,60,8,601
3732,60,14,529
1569,120,18,539
5235,160,8,926
5250,60,6,534
2196,160,6,993
341,120,20,806
4405,40,8,664
5816,40,14,643
3648,75,8,895
1740,75,6,658
2387,160,8,847
2482,120,10,749
3840,160,18,612
1970,75,14,437
5977,40,18,518
3139,40,8,650
5085,160,10,917
1623,160,20,786
3010,210,6,1008
4702,120,8,782
5780,60,8,422
5451,160,18,537
1367,210,6,823
5825,210,8,1103
6053,210,6,1160
2303,60,8,578
2007,160,20,679
845,160,8,1168
6134,210,20,937
5223,75,20,562
4073,60,14,473
5403,120,18,575
2812,210,18,850
3931,160,6,1216
2311,120,8,1062
4161,160,8,886
131,120,18,585
3569,40,6,799
2124,120,6,1154
1194,60,20,552
4651,210,8,967
5867,40,20,486
2518,60,18,561
6000,120,8,872
1222,120,8,783
4877,120,6,663
499,160,8,1027
5347,75,6,904
4154,120,8,703
375,120,14,785
2316,120,8,785
1596,210,8,566
6040,75,8,905
5569,75,6,674
4079,210,20,647
619,210,18,875
5666,210,6,753
1350,60,14,504
4407,120,20,624
2305,60,8,633
3205,60,18,478
5908,210,14,782
4938,60,20,433
1762,60,14,385
3611,40,10,530
1822,120,8,520
3045,160,20,897
5128,210,10,627
1052,40,10,695
6042,75,8,762
5218,40,6,526
3743,160,20,649
5489,75,8,550
5196,40,8,433
855,160,10,993
2525,160,6,906
184,160,8,864
3131,40,8,399
2973,60,8,941
3348,210,18,818
800,40,18,560
5884,160,18,826
3264,210,6,1199
4451,160,6,857
5528,60,18,400
4048,210,8,728
2410,120,20,714
989,60,18,479
3987,210,14,662
3828,120,14,1046
4617,40,10,454
1110,210,14,783
1157,40,6,736
568,120,8,1055
4577,210,8,1304
1784,60,6,511
5292,210,20,655
5346,75,6,591
4489,120,8,749
5246,60,6,449
4950,160,14,820
1234,75,6,699
3553,210,10,1295
557,160,6,1138
1306,210,20,856
4533,75,8,936
732,210,8,1232
5318,120,14,472
5380,40,20,360
5416,160,10,945
3762,75,10,630
5323,40,14,369
5830,75,14,760
1265,210,14,897
2298,60,8,679
3593,60,8,665
2336,60,14,511
1977,160,10,872
2636,160,20,870
5179,75,10,600
5328,40,14,400
5257,60,6,630
5159,60,18,390
6141,60,18,458
214,210,6,1089
4168,160,8,686
2452,60,14,538
4627,40,10,441
25,160,10,1104
3469,120,6,918
3337,75,10,769
3945,160,10,785
2434,210,10,894
3902,60,8,534
1372,210,6,886
4311,60,14,497
5778,60,8,501
2531,160,6,945
3603,75,6,915
133,120,18,673
6136,210,20,727
4286,60,20,586
2323,120,18,463
4883,120,6,777
981,210,8,1228
2658,40,18,394
416,75,8,920
5651,75,18,352
4261,75,18,639
4014,75,14,518
4977,210,20,552
4083,210,20,664
5773,40,6,489
5181,75,10,565
3886,210,6,1081
3507,60,10,1022
851,160,8,848
5695,40,20,257
3,210,8,1128
5320,120,14,514
927,40,6,761
4919,210,6,1401
4853,60,6,621
318,60,8,656
105,75,6,786
4738,120,10,727
4712,40,18,440
636,210,6,1094
4563,75,10,624
1499,75,20,512
3837,120,14,759
5305,210,14,624
3632,120,18,1232
1730,60,18,304
2345,60,14,600
6046,75,8,694
3021,75,10,879
1751,40,18,329
1589,120,20,649
1135,40,20,486
5841,40,6,553
2291,40,6,463
3448,40,14,730
2469,210,18,761
4633,60,10,742
1775,160,8,695
3003,120,6,915
5360,210,18,825
2997,120,6,1058
4461,75,20,352
3795,75,18,687
6062,75,20,466
2642,160,20,616
4469,75,20,359
5017,75,8,632
452,60,14,835
220,160,14,790
1523,120,10,678
4646,120,18,642
2238,40,10,432
5837,75,14,777
4306,60,18,520
2558,160,18,752
3899,60,20,569
2761,75,8,994
4230,40,18,346
4186,60,10,545
4273,40,18,815
6104,40,10,471
4600,75,14,537
2777,120,10,768
1263,210,14,855
847,160,8,1056
4980,160,10,791
1374,210,6,855
604,160,18,838
2651,120,6,817
5247,60,6,778
1486,75,18,615
209,210,6,824
2650,120,6,982
4530,75,8,688
1942,40,20,359
6107,40,10,521
5617,160,6,668
1378,160,10,816
3221,160,6,1216
1493,210,8,874
3779,210,18,1030
4984,160,10,846
3675,75,14,591
4424,40,20,369
2640,160,20,743
640,210,6,1353
3615,40,10,652
5003,120,6,929
846,160,8,1271
5067,60,14,464
2789,210,14,770
3465,120,6,1625
5421,75,10,701
5535,40,10,491
3312,210,14,687
2678,75,20,511
5011,120,6,945
1653,210,14,625
2976,75,6,1075
1782,60,6,563
4249,60,8,1067
5006,120,6,1023
4065,60,14,441
5749,40,8,446
6133,210,20,711
864,160,10,1096
4865,160,18,642
229,60,20,446
114,160,20,672
2882,120,8,884
4046,210,8,800
5157,60,18,530
5536,40,10,367
2299,60,8,833
5529,60,18,400
3498,60,8,776
6075,75,18,512
3966,120,10,1385
2458,60,14,537
3188,210,20,674
36,210,20,888
6035,120,6,1094
3333,210,8,1278
312,40,18,337
3842,160,18,806
720,75,10,1012
2619,40,20,399
5984,40,18,480
4922,210,6,918
3450,40,14,913
473,120,20,614
1548,210,18,608
5183,75,10,448
3161,40,18,362
4236,40,18,366
5612,160,6,823
1463,120,14,703
5556,160,8,799
3462,75,14,594
3857,210,14,935
3377,160,20,745
1155,40,6,536
5966,160,20,750
3144,75,20,667
3690,60,18,592
3490,60,8,479
4203,120,18,639
411,40,20,773
3800,40,14,503
2806,40,6,877
1051,40,10,727
4746,120,14,698
3663,210,6,1040
2232,40,10,466
355,120,10,735
5458,210,14,629
2600,75,6,667
2111,210,10,771
1665,75,14,816
2872,120,14,849
4792,40,8,724
3550,210,10,1120
3910,60,8,600
2000,160,20,921
2280,40,6,778
4090,75,8,634
2486,120,10,857
6068,75,20,539
2455,60,14,517
1611,60,10,721
5504,210,20,624
4053,75,10,648
863,160,10,1151
4237,40,6,567
1233,75,6,709
4587,40,6,432
194,75,10,528
1352,60,14,505
4749,120,14,578
45,75,20,636
3174,40,10,494
1403,160,6,889
2643,160,20,786
1798,120,14,465
1030,160,20,611
186,160,8,824
2448,75,18,830
333,75,18,511
5339,120,20,961
3836,120,14,625
5021,75,8,753
4347,120,6,1287
737,60,20,558
879,120,8,834
4199,120,18,479
1553,120,10,595
61,120,8,1032
2181,40,18,426
4356,210,14,872
1240,160,20,673
69,60,14,545
2909,60,10,669
2664,40,18,359
4365,75,6,767
2242,75,18,697
4622,40,10,440
5023,75,8,815
6112,210,18,1055
3702,120,20,773
2807,40,6,676
2840,120,18,866
2586,40,6,557
915,40,20,430
5790,210,8,759
437,40,6,773
1586,120,20,646
1333,40,10,678
3300,160,8,853
5705,210,18,598
41,210,20,808
4799,40,8,560
4336,120,10,736
858,160,10,999
1521,120,10,643
2918,160,18,802
2049,210,14,926
5295,210,20,627
2723,160,14,745
1156,40,6,672
5412,160,10,872
5851,160,6,1320
5140,160,18,513
1309,210,20,837
3543,120,6,1617
1697,160,18,632
5382,40,20,360
182,160,8,982
4944,40,20,422
5576,210,10,729
6077,75,18,479
4979,210,20,582
245,160,6,1100
5273,120,8,623
2202,60,10,799
2011,40,8,816
5928,60,8,600
5125,210,10,720
2099,75,6,753
1672,210,20,689
4545,160,10,871
413,75,8,896
5348,75,6,511
1191,60,20,531
2208,60,10,490
6109,40,10,558
4323,120,14,736
3973,120,10,676
1999,160,20,719
98,75,6,817
5673,210,6,793
2477,40,10,478
4367,75,6,1145
4507,160,20,664
2080,120,14,887
1733,60,18,366
986,210,8,1167
2140,60,20,434
5684,160,20,712
906,40,20,441
4376,210,18,727
1117,210,14,815
6162,160,10,1096
3397,120,20,392
4726,40,10,602
1252,75,8,576
554,160,6,1527
1063,75,18,636
3723,120,8,1024
4931,60,20,416
4195,120,18,616
1536,60,20,366
1011,160,6,1113
5808,120,14,1136
1902,75,10,489
1604,60,10,527
4733,120,10,726
5791,210,8,632
3461,75,14,510
3166,75,6,808
192,160,8,952
1587,120,20,586
1841,160,6,704
3788,75,18,607
1261,210,14,1105
1982,160,10,856
3901,60,20,518
3696,60,18,632
3555,210,10,1172
2599,75,6,782
5590,160,14,506
4873,160,18,625
4112,40,20,391
431,60,10,1063
2098,75,6,1354
4400,40,8,560
6028,60,6,953
2926,40,18,526
2608,60,20,465
3107,120,14,560
3704,120,20,661
496,160,8,1047
2217,75,10,911
3349,210,18,711
397,210,10,1171
2380,160,8,810
3119,120,10,1354
60,120,8,1231
4364,75,6,975
4663,160,6,961
1508,160,8,997
5378,40,20,323
2689,75,10,720
100,75,6,771
1577,75,18,507
2535,120,18,568
1940,40,20,417
3102,75,18,390
2467,210,18,807
1989,160,8,997
3683,40,20,645
79,120,6,959
4123,120,14,576
5672,210,6,775
1381,160,10,754
1850,60,8,397
3554,210,10,1057
251,40,20,450
2905,60,10,831
3512,160,8,1152
3433,75,8,543
252,40,20,417
5475,60,6,489
2706,60,6,848
1797,120,14,477
2315,120,8,974
723,75,10,780
203,75,10,544
2867,120,14,784
4608,60,6,636
1040,75,8,675
4318,120,14,752
3658,210,6,1288
717,75,10,1214
4832,75,6,583
6034,120,6,1000
5934,60,8,673
2028,160,14,746
2356,75,8,704
4197,120,18,512
5758,75,14,434
5213,40,6,453
5355,210,18,1037
815,75,6,1190
813,160,14,891
5716,120,6,534
518,210,20,757
2170,210,6,1050
4589,40,6,479
1602,210,8,1016
5019,75,8,704
297,60,10,497
1828,40,20,237
2404,160,10,841
2579,120,8,808
285,40,10,704
263,210,14,1153
2443,75,18,720
2858,160,10,1108
386,40,8,736
5675,160,20,572
2620,40,20,409
5373,75,18,360
3813,160,10,729
4378,210,18,760
5686,120,10,600
1621,160,20,651
135,120,18,561
5286,75,14,432
1876,160,14,624
2707,60,6,845
3607,75,6,891
5045,120,10,889
4656,210,8,1167
1925,210,20,745
5720,120,6,704
3698,120,20,799
5015,75,8,631
3311,210,14,977
5405,120,18,487
2335,60,14,578
4940,40,20,475
2762,75,8,672
3118,120,14,855
231,60,20,522
3552,210,10,1153
127,120,18,609
3344,210,18,777
3748,160,14,720
4963,210,10,719
5216,40,6,559
5635,120,18,441
5596,40,14,392
2808,40,6,576
4324,120,14,576
1408,160,6,1070
4904,160,20,655
1912,75,20,256
2568,210,8,1112
470,120,10,658
24,160,10,880
5750,40,8,363
1236,75,6,675
1974,160,10,1073
3680,40,20,595
2230,40,10,395
3851,210,14,965
5723,120,6,648
627,60,6,891
3500,60,10,1002
1544,210,18,669
739,60,20,543
2985,120,20,834
2800,60,14,543
2126,120,6,878
6047,75,8,1050
5387,40,18,316
4874,160,18,814
2018,40,8,456
3195,60,10,999
390,40,8,552
2827,40,8,541
4309,60,14,537
3031,40,20,466
1281,40,8,759
2142,60,20,418
5162,60,18,391
3427,160,10,789
2032,160,14,1011
6038,120,6,888
2703,60,6,712
1739,75,6,550
652,40,14,844
5280,75,14,402
746,160,14,881
2203,60,10,432
1829,40,20,243
1776,160,8,713
5698,40,20,256
4297,160,14,966
5996,160,8,807
859,160,10,929
2245,75,18,514
215,210,6,837
5303,210,14,675
1076,160,18,687
551,120,14,975
4175,120,6,863
2162,40,14,462
3055,75,20,720
3453,40,14,446
2661,40,18,421
5337,120,20,462
898,40,14,584
4968,210,10,786
3977,210,14,738
1515,160,8,1001
4561,75,10,594
6074,75,18,727
6097,60,14,488
1747,75,6,642
2273,210,18,714
5024,75,8,632
5642,60,20,335
4564,160,18,674
3693,60,18,670
1341,160,18,792
937,75,20,560
3815,160,10,925
575,75,6,931
3447,40,14,493
1204,60,6,685
6036,120,6,922
5692,120,10,476
1388,40,14,482
804,160,14,1102
2231,40,10,414
1128,75,14,874
5439,60,10,574
4869,160,18,560
3443,40,14,512
1356,60,14,535
3325,210,8,973
1905,75,10,482
5385,40,20,338
4338,120,6,695
3965,120,10,944
3517,160,8,1112
4684,60,18,576
5861,160,6,1103
661,210,14,865
1676,160,10,642
4706,120,8,694
4929,210,6,1000
337,120,20,696
1818,120,8,553
3328,210,8,1256
890,120,6,975
4840,160,8,1213
2438,210,10,1129
474,120,20,930
4450,160,6,730
3279,120,8,633
1431,210,10,825
2709,60,6,775
1820,120,8,527
3777,75,20,512
3672,75,14,767
3644,75,8,1111
3380,160,20,651
2717,60,8,570
4113,40,20,393
5193,40,8,470
756,40,8,720
4912,75,10,553
5563,160,8,691
2135,120,10,559
3889,210,6,1057
2478,40,10,582
5674,210,6,880
674,40,8,1018
3282,120,8,902
3535,210,8,1079
5194,40,8,442
5327,40,14,352
5035,160,20,715
3338,75,10,1175
2085,120,20,592
1345,160,18,702
6027,60,6,615
3884,210,6,758
3326,210,8,1234
3230,160,14,659
1014,160,6,825
2855,160,10,2310
1398,40,14,470
4069,60,14,441
4317,60,14,741
4696,60,8,582
1497,75,20,488
120,160,18,792
2413,120,20,781
623,60,6,1280
3111,120,14,665
2212,60,10,527
4484,120,8,833
4644,120,18,736
2556,160,18,893
919,40,6,719
4670,75,18,607
1921,210,20,1120
595,160,10,797
1271,75,10,622
4765,120,20,559
5370,75,18,374
5301,210,20,627
646,40,14,830
4050,210,8,847
4703,120,8,754
3476,210,10,962
2334,60,14,798
3641,75,8,666
4972,210,20,685
82,120,6,1144
6122,160,14,760
2611,60,20,466
3609,40,10,666
4158,160,8,752
5943,120,10,1105
3879,210,6,743
2767,75,8,770
6124,160,14,641
3867,210,10,752
961,60,10,635
5854,160,6,1096
1852,60,8,462
3995,40,8,505
2522,160,6,1162
4613,60,6,614
2083,120,20,595
5805,120,14,992
3922,160,18,689
5628,60,14,423
1480,75,18,536
1686,40,10,497
4607,60,6,1062
4742,120,14,705
5631,120,18,466
3305,40,20,353
4389,210,10,817
2766,75,8,818
824,75,6,1158
5688,120,10,449
311,40,18,414
1391,40,14,495
4731,120,10,866
3293,160,8,639
3327,210,8,1657
5734,40,18,256
5544,120,8,728
2720,160,14,882
3127,120,10,1058
1447,120,20,657
2994,120,6,992
3790,75,18,550
5456,210,14,630
1907,75,20,315
1708,40,14,599
2289,40,6,627
5572,75,6,480
4541,120,18,600
147,75,8,1007
5422,75,10,627
2077,120,14,1192
233,60,20,575
2493,60,10,615
4208,75,18,392
4590,40,6,470
2141,60,20,414
1336,40,10,591
3990,40,8,656
1580,75,18,613
567,120,8,1049
456,60,14,760
2275,210,18,656
5068,60,14,438
6129,160,14,1046
3353,60,20,736
4254,60,8,554
5632,120,18,456
5093,160,10,673
2984,120,20,687
4278,60,20,750
2904,60,10,852
5555,160,8,824
3645,75,8,1207
3565,40,8,735
2604,60,20,544
487,75,18,705
2128,120,6,1042
1249,75,8,720
1656,75,14,639
21,75,14,634
552,120,14,704
3532,210,8,1030
4359,210,14,792
2548,120,14,631
2447,75,18,559
18,75,14,824
2949,40,10,608
4439,60,10,524
4926,210,6,776
3623,60,6,880
580,75,6,1072
5293,210,20,602
2539,120,18,730
1646,210,14,710
5646,60,20,280
1737,60,18,456
516,210,20,828
3259,210,6,993
4232,40,18,566
4935,60,20,432
450,60,8,823
1082,210,20,809
3866,210,10,791
5637,120,18,506
306,40,18,385
537,75,20,609
2647,120,6,745
5779,60,8,421
2677,75,20,490
5593,160,14,623
5410,160,10,1042
827,120,20,776
5336,120,20,489
5627,60,14,368
5746,40,8,416
4486,120,8,824
4056,75,10,661
1868,120,6,744
1950,60,18,657
5094,160,10,711
2965,60,8,623
3260,210,6,1770
5479,60,6,456
3764,75,10,598
3651,40,18,608
2471,40,10,734
4325,120,14,816
4440,60,10,545
2326,120,18,534
5317,120,14,506
3871,160,20,714
5129,210,10,671
493,160,8,912
2465,210,18,734
4310,60,14,487
1258,75,8,736
3478,210,10,1079
1154,40,6,624
3897,60,20,543
3643,75,8,863
2226,75,10,721
5052,160,6,824
5786,60,8,480
5608,160,6,757
2100,75,6,775
5873,75,10,681
2759,160,14,1091
5079,60,10,605
5526,60,18,377
3017,75,10,829
3006,210,6,1331
2297,60,8,753
3937,75,6,504
3398,120,20,556
1047,40,10,552
578,75,6,1104
2445,75,18,609
4791,40,8,752
4165,160,8,663
1109,210,10,894
4022,120,20,681
5704,40,20,277
883,120,8,1139
4223,210,18,743
4690,60,8,743
1253,75,8,608
5835,75,14,727
5936,120,10,990
1566,120,18,646
2463,210,18,832
6067,75,20,566
4333,120,10,728
5399,120,18,633
4020,120,20,512
4042,210,8,878
4023,120,20,469
5472,60,6,480
188,160,8,809
1131,40,20,602
5899,120,20,664
3475,210,10,1014
525,75,14,656
2978,75,6,831
1322,60,8,616
5186,75,10,415
326,75,18,495
697,60,18,720
1166,75,14,670
136,120,18,630
2937,210,10,875
2991,120,20,849
2390,40,8,643
3863,210,10,712
1526,120,10,726
1282,40,8,560
5470,120,14,520
3383,160,20,625
865,210,18,975
5312,120,14,506
530,75,14,599
346,120,10,984
3412,120,18,467
5959,160,20,714
4191,60,10,433
2102,210,10,897
2630,75,8,625
309,40,18,409
5516,120,20,440
80,120,6,857
1547,210,18,625
1134,40,20,433
3181,40,10,495
4971,210,20,619
4543,120,18,690
762,40,8,718
5053,160,6,766
2989,120,20,736
37,210,20,920
2379,160,8,1053
2072,120,14,898
1107,210,10,880
4432,210,20,674
1786,60,6,638
4383,210,18,938
1226,120,8,664
1620,160,20,654
949,60,8,793
1634,75,8,632
1699,160,18,609
5164,60,18,407
4241,40,6,542
2682,75,20,494
1102,210,10,926
2633,75,8,1057
216,160,14,845
4499,160,8,744
4133,75,20,455
5602,40,14,344
1019,160,6,881
4209,75,18,488
2780,120,10,895
2069,120,14,744
4081,210,20,896
600,160,10,904
1692,40,10,639
917,40,6,625
2992,120,20,737
5476,60,6,518
3081,60,18,720
3789,75,18,561
2333,120,18,557
520,210,20,862
513,210,20,805
